요구사항ID,요구사항명,요구사항 정의,릴리스,우선순위,복잡도,세부내용·처리규칙,관련요구사항,산출물,근거·외부의존성,검증기준(인수조건),언제 실행되나 (시점·주기),어떻게 만드나 (구현 힌트),최종 변경·비고
FGC-FUN-001,사용자 로그인·로그아웃,"등록된 사용자가 아이디·비밀번호로 로그인하고, 안전하게 로그아웃할 수 있어야 한다.",1차,M,중,로그인 실패 시 이유를 안내한다. 로그아웃하면 세션(서버가 기억하는 접속 상태)을 즉시 지운다.,,화면정의서/API명세서/프로그램설계서,"SRC-004,SRC-005",정상 계정은 로그인되고 잘못된 계정은 거절되며 로그아웃 후 보호 URL 접근이 차단된다.,사용자가 로그인 화면에서 버튼을 누를 때(실시간).,Spring Security 폼 로그인 사용. 비밀번호는 BCrypt(원문을 되돌릴 수 없게 바꾸는 암호화)로 저장. Thymeleaf 화면 1장.,
FGC-FUN-002,역할 기반 접근제어,사용자 역할에 따라 볼 수 있는 메뉴·화면·API(서버 기능을 부르는 주소)와 할 수 있는 일을 제한해야 한다.,1차,M,상,"기본 역할 4종 ? 시스템관리자, GA관리자, 정산담당자, 준법/감사(조회 전용).",FGC-FUN-001,권한매트릭스/API명세서/보안설계서,SRC-006,권한 없는 메뉴가 숨겨지고 직접 URL/API 호출도 403으로 차단된다.,모든 화면·API 요청마다 자동 검사(실시간).,"Spring Security의 URL 접근 규칙으로 서버에서 차단하고, 화면은 sec:authorize로 메뉴를 숨긴다. 역할·권한은 DB 테이블로 관리.",
FGC-FUN-003,사용자 계정 관리,관리자가 사용자 계정을 조회·등록·수정·잠금·해제할 수 있어야 한다.,2차,S,중,"계정 상태, 소속 GA·조직, 역할, 최근 로그인 일시를 관리한다.",FGC-FUN-002,화면정의서/API명세서,SRC-006,관리자가 계정을 생성하고 역할을 부여할 수 있으며 잠금 계정은 로그인할 수 없다.,관리자가 계정 화면에서 조작할 때(실시간).,2차 React 관리 화면 + JPA CRUD(등록·조회·수정·삭제). 잠긴 계정은 로그인 단계에서 거절.,
FGC-FUN-004,세션 만료 및 재인증,"오래 사용하지 않으면 자동으로 로그아웃되고, 중요한 작업 전에는 한 번 더 확인을 받아야 한다.",2차,S,중,만료 시간은 설정값으로 관리한다. 정책 확정·정산 마감 같은 중요 작업은 확인 절차를 거친다.,FGC-FUN-001,보안설계서/테스트결과서,SRC-006,설정된 미사용 시간이 지나면 세션이 만료되고 중요 작업은 확인 없이 완료되지 않는다.,세션 만료는 서버가 자동 처리. 재확인은 중요 버튼 클릭 시(실시간).,세션 만료 시간 설정 + 중요 작업 API에 확인 절차(재입력·확인창)를 요구.,
FGC-FUN-005,GA·조직 기준정보 조회·선택,1차에서는 DB에 미리 적재된 GA(독립보험대리점)·본사·지사·지점 정보를 조회하고 다른 입력 화면에서 선택할 수 있어야 한다.,1차,S,중,"조직코드, 이름, 상위조직, 적용기간, 사용 여부를 조회한다. 등록·수정·삭제 화면은 2차에서 구현한다.",,ERD/화면정의서/API명세서,"SRC-004,SRC-005","시드로 적재된 조직정보가 계약·설계사·지급 건 화면에서 정확히 조회·선택되고, 1차 화면에는 조직 등록·수정 기능이 노출되지 않는다.",계약·설계사·지급 건 화면을 열 때 조회(실시간).,1차: Flyway/SQL 시드 + 조회 API + 선택목록. 2차: JPA/React 등록·조회·수정·삭제(CRUD)로 확장.,v2.1: 1차 기준정보 CRUD 제거
FGC-FUN-006,보험회사 기준정보 조회·선택,1차에서는 DB에 미리 적재된 원수사(보험상품을 만든 보험회사) 정보를 조회하고 선택할 수 있어야 한다.,1차,S,하,"보험회사 코드, 이름, 생명보험/손해보험 구분, 사용 여부를 조회한다. 등록·수정·삭제는 2차 범위다.",,ERD/화면정의서/API명세서,SRC-005,시드 보험회사 목록이 계약·상품 화면의 선택값과 일치하고 사용중지 회사는 신규 입력에서 선택되지 않는다.,계약·상품 화면을 열 때 조회(실시간).,1차: 조회 전용 MyBatis 쿼리와 선택목록. 2차: JPA/React CRUD로 확장.,v2.1: 1차 기준정보 CRUD 제거
FGC-FUN-007,보험상품 기준정보 조회·선택,1차에서는 DB에 미리 적재된 보험회사별 상품정보를 조회하고 계약 등록 시 선택할 수 있어야 한다.,1차,S,중,"보험사 상품코드, 내부 표준상품코드, 상품명, 상품군, 판매기간과 함께 상품 판매개시일, 기초서류 버전·작성/변경일, 판매채널, TM·방송채널 특례 여부, 적용 수수료체계 코드를 조회한다. 1차는 조회·선택만 하고 상품코드 매핑·버전 등록 화면은 2차 범위다.",FGC-FUN-006,ERD/데이터사전/화면정의서,"SRC-004,SRC-009,SRC-014,REG-19","계약일이 상품 판매기간 안에 있을 때만 선택할 수 있고, 상품 판매개시일·기초서류 버전·채널·적용 수수료체계가 계약에 연결된다. 같은 계약일이라도 상품버전·채널이 다르면 다른 적용체계를 선택할 수 있다.",계약 등록·조회 화면을 열 때 조회(실시간).,1차: 조회 전용 MyBatis 쿼리와 선택목록. 2차: 상품버전·매핑 CRUD로 확장.,v2.2.1: REG-19 적용체계 판정 필드 추가
FGC-FUN-008,보험설계사 기준정보 조회·선택,1차에서는 DB에 미리 적재된 설계사(FC: 보험을 모집하는 사람)와 소속·상태를 조회하고 선택할 수 있어야 한다.,1차,S,중,"설계사코드, 이름, 소속조직, 위촉일(일을 맡긴 날), 해촉일(위촉계약이 끝난 날), 상태와 함께 최근 등록일, 최근 등록일 직전 3년 모집경력 여부, 경력조회 기준일, 신인활동지원 대상 여부·종료일을 조회한다. 인사·경력이력 등록·수정은 2차 범위다.",FGC-FUN-005,ERD/화면정의서/API명세서,"SRC-004,SRC-005,SRC-014,REG-21","계약·지급 건 등록 시 유효한 설계사만 선택되고, 신인활동지원 대상 판정에 최근 등록일과 직전 3년 모집경력 정보가 사용된다.",계약·지급 건 화면을 열 때 조회(실시간).,1차: 조회 전용 MyBatis 쿼리와 선택목록. 2차: 인사·위촉·해촉 이력 CRUD로 확장.,v2.2.1: REG-21 신인 판정 필드 추가
FGC-FUN-009,수수료 항목 기준정보 조회·선택,1차에서는 DB에 미리 적재된 돈의 종류(모집수수료·시책·정착지원금 등)를 조회하고 지급 건 등록 시 선택할 수 있어야 한다.,1차,S,중,"항목코드, 이름, 지급/차감 구분, 사용기간을 조회한다. 1,200% 산입 여부는 항목 자체의 고정값이 아니라 룰셋별 분류정책(FUN-013)에서 결정한다.",,용어사전/코드정의서/ERD,"SRC-001,SRC-002,SRC-004","모든 지급 건에 유효한 항목코드가 기록되고, 같은 항목도 룰셋 버전에 따라 산입·제외·판단대기로 분류할 수 있다.",지급 건 화면을 열거나 검증할 때 조회(실시간).,1차: 항목 시드 + 조회 API. 2차: 항목 CRUD. 산입판정은 cap_rule_item 매핑에서 관리해 item 마스터에 하드코딩하지 않는다.,v2.1: 1차 항목 CRUD 제거·산입판정 책임 분리
FGC-FUN-010,계약 담당 설계사 이력 관리,"계약을 모집한 설계사와, 나중에 관리 담당이 된 설계사의 변경 이력을 관리해야 한다.",2차,S,상,"변경 전·후 설계사, 변경일, 사유, 유지관리수수료(계약이 살아있는 동안 다달이 주는 수수료)를 누가 받는지 기준을 기록한다.",FGC-FUN-008,ERD/업무규칙서/화면정의서,"SRC-001,SRC-005,REG-07",담당자 변경 전후의 지급 귀속이 정책에 따라 구분되고 과거 지급이력은 변경되지 않는다.,담당 변경 이벤트가 생길 때(실시간).,"2차 JPA 이력 테이블. 과거 지급이력은 절대 바꾸지 않고, 변경일 이후 회차만 새 담당자에게 귀속시킨다.",
FGC-FUN-011,현행 수수료 정책 조회·적용,DB에 미리 정규화되어 적재된 원수사 수수료율표·지급방식·시책과 GA 내부 지급규정을 기준일에 맞는 정책버전으로 조회·선택하고 예상 스케줄 계산에 적용해야 한다.,1차,M,상,"1차는 정책 등록 화면을 만들지 않고 조회·적용만 한다. 정책은 원수사→GA 예상 수입용과 GA→설계사 예상 지급용을 구분하며 보험회사, 상품, 계약일, 설계사 직급·조직, 수수료 항목, 회차, 기준금액, 정액/요율, 지급조건, 적용기간, 정책버전을 가진다. 지급기준 변경은 기존 정책을 덮어쓰지 않고 새 버전으로 생성하며 유효기간·승인근거·기초서류 버전을 보존한다. 파일 업로드·컬럼 매핑은 하지 않는다(COR-010).","FGC-FUN-005~009,FGC-FUN-018",업무규칙서/정책데이터사전/ERD/API명세서,"SRC-001,SRC-003,SRC-004,SRC-010,SRC-014,REG-22","동일 계약에 대해 기준일과 대상조건에 맞는 활성 정책 1건이 선택되고, 과거 계약·검증은 당시 정책버전을 계속 참조한다. 정책이 없거나 중복 활성된 경우 스케줄 생성을 막고 REVIEW_REQUIRED로 표시한다.",계약 등록·확정 또는 예상 스케줄 생성·재실행 시 자동 조회(실시간).,1차는 MyBatis 조회 전용 PolicyRepository와 PolicyResolver(적용 정책 선택기)를 사용한다. 금액·요율은 BigDecimal로 계산한다. 2차에는 FUN-017의 JPA/React 정책 관리로 확장한다.,v2.2.1: 지급기준 불변 버전·기초서류 근거 연결
FGC-FUN-012,"1,200% 검증기준 버전 관리","보험회사→GA와 GA→설계사 1,200% 검증에 쓰는 적용대상, 한도배수, 산입·제외 기준을 지급단계·적용일·버전별로 관리해야 한다.",1차,M,상,"룰셋에 적용 시작·종료일, 버전, 계약일 범위, 한도배수(기본 12), 지급단계(INSURER_TO_GA/GA_TO_FC), 적용상품·채널, 제외항목 정책과 상태를 저장한다. 두 지급단계 게이지는 분리하며 준법경영비 3% 공제는 보험회사→GA 게이지에만 적용한다. 과거 검증결과는 당시 룰셋 버전을 계속 참조하고 지급기준 변경은 신규 버전으로 생성한다.",FGC-FUN-009,업무규칙서/ERD/감사설계서,"SRC-001,SRC-002,SRC-003,SRC-014,REG-08~11,REG-19,REG-22","같은 계약이라도 보험회사→GA와 GA→설계사 게이지가 독립 계산되고, GA→설계사에는 준법경영비 3% 공제가 적용되지 않는다. 2026-07-01 전·후 샘플과 과거버전 재조회 결과가 기대값과 일치한다.",관리자가 검증기준을 변경할 때(실시간). 지급 건 검증과 월 검증 실행 때 자동 선택한다.,"cap_rule_set에 effective_from/to, multiplier, target_scope, payment_stage, product/channel_scope, exclusion_policy_version을 저장한다. 기존 버전은 수정하지 않는다.","v2.2.1: 지급단계별 1,200% 게이지·REG-19/22 반영"
FGC-FUN-013,"1,200%룰 포함·제외 항목 설정","1,200% 한도에 넣을 금액과 제외할 금액을 항목명만이 아니라 지급 목적·조건·계약 귀속과 근거에 따라 설정해야 한다.",1차,M,상,보험회사→GA와 GA→설계사 게이지를 구분한다. 모집종사자에게 직·간접 귀속되는 수수료·시책·정착지원금·공통비 등은 명칭이 아니라 지급목적·수령인·모집실적 연계·계약귀속을 기준으로 분류한다. 제4-32조제7항의 음성녹음비·방송비·신인활동지원비는 요건과 증빙을 충족한 금액만 제외할 수 있다. 준법경영비 3% 공제는 보험회사→GA 게이지에만 적용하고 GA→설계사에는 적용하지 않는다. 경력설계사 정착지원금은 REG-20의 월별 계약귀속 규칙을 적용하며 일반 공통비는 REG-06A~06C의 회사별 합리적 안분정책을 참조한다.,"FGC-FUN-009,FGC-FUN-012",업무규칙서/정책설계서,"SRC-001,SRC-002,SRC-003,SRC-014,REG-06A~06C,REG-09~11,REG-20~22","두 게이지의 포함·제외 결과가 분리되고, 준법경영비가 GA→설계사에서 공제되지 않는다. 제7항 제외항목은 증빙 없이는 제외되지 않으며 정착지원금·공통비 귀속근거가 없으면 지급확정이 차단되고 REVIEW_REQUIRED가 생성된다.",관리자가 정책 화면에서 설정(실시간). 검증 계산(FUN-031·033)이 이 설정을 읽는다.,"item × cap_rule_set 매핑에 payment_stage, inclusion_status, exclusion_type, evidence_ref, attribution_method, allocation_policy_version을 저장한다.",v2.2.1: 공통비·정착지원금·준법경영비 규칙 정정
FGC-FUN-014,4년·7년 법정 분급 규칙 설정,분급(수수료를 여러 해에 나눠 주는 제도)의 회차 수·월 요율 같은 지급 규칙을 설정해야 한다.,2차,M,상,"분급 룰셋은 계약 체결연도만으로 선택하지 않고 상품 판매개시일, 기초서류 버전·작성/변경일, 판매채널, TM·방송채널 특례 여부, 적용 수수료체계 코드를 사용한다. 4년·7년의 회차 수, 월 요율, 매월 동일 금액 조건, 장기유지수수료, 계약체결비용 한도와 경과조치를 버전 데이터로 관리한다. 규정 문언만으로 자동 확정하기 어려운 경계사례는 REVIEW_REQUIRED로 처리한다.","FGC-FUN-012,FGC-FUN-062,FGC-FUN-064",정책설계서/업무규칙서,"SRC-001,SRC-003,SRC-005,SRC-014,REG-01,REG-03,REG-04,REG-19",계약일이 같더라도 상품 판매개시일·기초서류 버전·채널이 다른 샘플에는 서로 다른 적용체계가 선택된다. 4년·7년 스케줄의 회차·월금액·총액이 룰셋과 일치하고 경계사례는 자동 확정되지 않는다.,2차 정책 등록·승인 시 설정하고 스케줄 생성·검증에서 자동 적용.,"ProductFeeRegimeResolver가 product_sales_start_date, product_doc_version, channel_special_rule, fee_regime_code를 조합해 룰셋을 선택한다.",v2.2.1: REG-19 상품·기초서류 기준 적용례 반영
FGC-FUN-015,계약상태별 지급조건 설정,계약 상태(정상·실효·해지 등)에 따라 지급할지 말지 조건을 설정해야 한다.,2차,M,상,"예: 유지 중인 달에만 지급(REG-03 유지관리수수료 원칙), 실효 시 보류, 부활 시 재개 조건.",FGC-FUN-012,상태전이도/업무규칙서,"SRC-004,SRC-005",계약 상태가 실효 또는 해지로 변경되면 정책에 따라 미래 지급상태가 자동 변경된다.,정책 설정은 실시간. 판정은 스케줄·정산 처리 때 자동.,2차. 상태×지급여부 매핑 데이터 + 스케줄 상태 전환 로직에서 참조.,1차→2차 이동 ? 1차는 실효·해지 시 미확정 지급 건 보류(FUN-028) 고정 규칙만 사용
FGC-FUN-016,정책 근거자료 연결,정책마다 어느 규정 몇 조 때문인지 근거를 붙여 저장해야 한다.,2차,S,중,"REG-xx(규제조문표 ID)·SRC-xx(근거자료 ID)·URL과 함께 현행규정·개정고시·시행세칙·FAQ·회사정책의 상태 태그를 정책에 연결한다. 상품정책에는 상품위원회 승인일, 승인문서 참조, 기초서류 버전, 판매개시일, 판매보류·개정·중지 상태를 선택적으로 연결한다. FGC는 상품위원회의 법정 심의·의결 자체를 대체하지 않는다.",FGC-FUN-012,정책근거목록/감사설계서,"SRC-001,SRC-002,SRC-003,SRC-014,REG-22,REG-24",정책버전에서 REG/SRC 근거와 상태 태그를 조회할 수 있고 상품위원회 관련 메타데이터가 연결된다. FGC 화면에는 법정 심의를 대체하지 않는 참조정보임이 표시된다.,정책 등록·수정 시(실시간).,1차: cap_rule_set.evidence_ref 문자열. 2차: 근거자료 엔티티와 다대다 연결 화면.,v2.2.1: REG-24 상품위원회 메타데이터 연결
FGC-FUN-017,수수료 정책 등록·검토·승인·활성화,2차에서는 수수료 정책을 등록·수정하고 작성자와 승인자를 분리하여 승인된 정책만 계산에 사용되게 해야 한다.,2차,S,상,"정책 초안→검토→승인→활성→종료 상태를 관리한다. 현행 회사별 지급정책, 4년·7년 법정 분급규칙, 계약체결비용 한도, 유지관리수수료 조건을 동일한 불변 버전관리 체계로 관리한다. 상품위원회 승인일·문서참조·기초서류 버전·판매개시일·판매보류/개정/중지 상태를 연결할 수 있으며 과거 적용 정책은 삭제하거나 덮어쓰지 않는다.","FGC-FUN-011,FGC-FUN-012,FGC-FUN-014",업무흐름도/권한매트릭스/화면정의서/API명세서,"SRC-006,SRC-014,REG-01~11,REG-22,REG-24",미승인 정책은 계산에 사용되지 않고 승인·활성·종료 이력과 변경 전후 값이 감사로그에 남는다. 상품위원회 메타데이터가 있는 정책은 승인근거와 기초서류 버전을 함께 조회할 수 있다.,정책 신규·변경 요청 발생 시(실시간).,2차 JPA 엔티티와 React 관리화면. 상태전이와 승인권한을 서버에서 검증하고 정책버전은 불변 레코드로 보존한다.,v2.2.1: 지급기준 변경통제·상품위원회 근거 보강
FGC-FUN-018,보험계약 수기 등록·수정,정산 대상 보험계약을 화면에서 직접 등록·수정할 수 있어야 한다.,1차,M,중,"계약번호, 보험회사, 상품, 월납보험료, 계약일, 설계사, 계약상태를 관리한다. 필수값·형식 검증을 통과해야 저장된다.","FGC-FUN-006,FGC-FUN-007,FGC-FUN-008",화면정의서/API명세서/ERD,"SRC-004,SRC-005",필수값과 형식 검증을 통과한 계약만 저장되고 계약번호 중복이 차단된다.,새 계약이 생길 때(실시간). 대량 기초 데이터는 시드 스크립트로 미리 적재한다(DAR-011).,입력 폼 + 서버 검증. 계약번호는 DB에도 UNIQUE 제약(같은 값 중복 저장 금지)을 건다. 저장 후 한도 게이지 화면으로 이어지면 데모 흐름이 좋다.,"재정의 ? CSV 업로드(구 FUN-019) 삭제로, 화면 등록 + 시드 적재가 계약 입력의 유일한 경로"
FGC-FUN-025,보험계약 상태 생명주기 관리,계약 상태(청약→정상→실효→부활→해지→만기)를 정해진 규칙대로만 바꿔야 한다.,2차,M,상,"허용된 상태 변화만 가능하다(예: 해지→정상 불가). 실효 = 보험료 미납으로 효력 정지, 부활 = 효력 회복. 변경일과 원인을 기록한다.",FGC-FUN-018,상태전이도/도메인모델/단위테스트,"SRC-004,SRC-005",허용되지 않은 상태전이는 거절되고 모든 정상 전이는 이벤트 이력으로 남는다.,상태 이벤트가 등록될 때(실시간).,"상태 전이표(어떤 상태에서 어디로 갈 수 있는지 표)를 자바 enum으로 정의하고, 서비스에서 검사 후 저장. 어기면 오류 메시지.",v2.1: 2차 이관 ? 1차 계약은 상태값을 시드/수기 입력하되 상태머신·자동보류는 구현하지 않음
FGC-FUN-026,계약상태 이벤트 등록·수집,실효·해지·부활처럼 돈에 영향을 주는 사건을 화면에서 등록해야 한다.,2차,M,중,"사건 종류, 효력일(사건이 효력을 갖는 날), 접수일, 사유를 기록한다.",FGC-FUN-025,화면정의서/인터페이스정의서,"SRC-004,SRC-005",이벤트 등록 후 계약 상태와 미래 지급 처리 결과가 일관되게 변경된다.,담당자가 사건을 알게 됐을 때(실시간).,이벤트 테이블 INSERT → 같은 트랜잭션(전부 성공 아니면 전부 취소되는 한 묶음 처리)에서 계약 상태 변경(FUN-025)과 지급 건 보류(FUN-028)까지 호출.,v2.1: 2차 이관 ? 1차 계약은 상태값을 시드/수기 입력하되 상태머신·자동보류는 구현하지 않음
FGC-FUN-027,계약상태 변경 이력 조회,계약별 상태 변경 전·후 값과 처리자를 시간순으로 볼 수 있어야 한다.,2차,S,하,효력일과 시스템 처리일을 구분해 보여준다.,FGC-FUN-026,화면정의서/감사설계서,SRC-006,계약 상세에서 전체 상태변경 이력이 누락 없이 시간순으로 표시된다.,상시 조회.,이벤트 테이블을 시간순 정렬해 계약 상세 화면 하단에 표로 표시.,v2.1: 2차 이관 ? 1차 계약은 상태값을 시드/수기 입력하되 상태머신·자동보류는 구현하지 않음
FGC-FUN-028,실효·해지 시 미확정 지급 건 보류,"계약이 실효·해지·청약철회되면, 아직 확정되지 않은 지급 예정 건을 자동으로 보류(잠시 멈춤)해야 한다.",2차,M,상,이미 확정·지급된 건은 지우지 않는다. 조정·환수 검토는 2차(FUN-054)에서 다룬다.,"FGC-FUN-015,FGC-FUN-025,FGC-FUN-026",업무규칙서/프로그램설계서/테스트결과서,"SRC-004,SRC-005","계약 실효·해지 후 미확정 지급 건이 보류 상태로 바뀌고, 기존 확정·지급 이력은 그대로 유지된다.",해지·실효 이벤트 등록 직후 자동(실시간).,이벤트 저장 트랜잭션 안에서 해당 계약의 미확정 지급 건 상태를 HOLD로 UPDATE. 물리 삭제 금지.,v2.1: 2차 이관 ? 1차 계약은 상태값을 시드/수기 입력하되 상태머신·자동보류는 구현하지 않음
FGC-FUN-029,부활 시 지급 재개 판단,"실효됐던 계약이 부활하면, 규칙과 날짜에 따라 지급을 다시 시작할지 판단해야 한다.",2차,S,상,보류된 회차를 무조건 되살리지 않는다. 정책 버전과 부활일 기준으로 재계산·승인한다.,"FGC-FUN-015,FGC-FUN-028",업무규칙서/테스트케이스,SRC-005,부활 이벤트 적용 후 지급 재개 대상과 비대상이 정책에 따라 구분되고 근거가 표시된다.,부활 이벤트 등록 시(실시간).,2차. 상태별 지급조건(FUN-015)을 참조해 재개 대상/비대상 목록과 근거를 표시.,
FGC-FUN-030,초년도 수수료 한도 계산,"적용 계약 1건의 초년도 모집수수료 한도를 계산해야 하며, 이 계산엔진은 2026년 현행 계약뿐 아니라 2027년 4년 분급·2029년 7년 분급 계약의 첫 1년에도 동일하게 적용되어야 한다.",1차,M,상,1차 데모 대상은 2026-07-01 이후 체결된 월납 보장성보험 합성계약으로 제한하고 기본식은 월납보험료×12로 한다. 표준해약공제액의 80% 이상을 공제하는 대상 상품은 상품·납입기간·채널별 예상 해약환급률표의 12차월 값을 한도 판정에 합산하고 적용 표 버전을 저장한다. 2차에서는 4년·7년 분급 스케줄 중 계약차월 1~12에 귀속되는 산입 대상 금액을 같은 한도와 비교한다. 적용대상·기준기간·예외는 룰셋 데이터로 관리한다.,"FGC-FUN-012,FGC-FUN-013,FGC-FUN-018,FGC-FUN-036~038",업무규칙서/계산명세서/단위테스트,"SRC-001,SRC-002,SRC-003,SRC-014,REG-08,REG-09,REG-23","월납 100,000원 일반 샘플의 기본 한도는 1,200,000원이다. 80% 공제 대상 샘플은 올바른 예상 해약환급률표의 12차월 값과 버전이 판정에 반영되고, 2026·2027·2029 샘플 모두 같은 초년도 한도엔진으로 검증된다.","계약 등록·수정 시 자동 계산(실시간). 월 1,200% 검증 실행에서도 같은 룰셋으로 재계산한다.",CapCalculator는 기본 한도를 계산하고 ProductRefundRateResolver가 상품코드·납입기간·채널·기준일에 맞는 12차월 예상 환급액과 표 버전을 제공한다. 금액은 BigDecimal.,v2.2.1: REG-23 예상 해약환급률표 연계
FGC-FUN-031,한도 포함 보상 합산,개별 계약에 귀속된 한도 산입 지급액을 모두 합산해야 한다. 설계사·지점 합계는 모니터링 지표일 뿐 규제 판정 기준이 아니다.,1차,M,상,"각 지급 건은 귀속 계약, 설계사, 산입여부, 귀속금액을 가져야 한다. 경력설계사 정착지원금은 지급월이 아니라 해당 설계사가 신계약을 모집한 월의 신계약에 월 단위로 귀속하고(8월 지급분 → 7월 모집 신계약), 지급 시기를 13차월 이후로 이연해도 귀속월은 변하지 않으며, 위촉 당월 무실적 선지급분은 최초 신계약 모집월의 신계약에 귀속한다. 일반 공통비는 사전 승인된 회사별 안분정책의 계약별 배부결과를 사용하며 정책버전·배부기준·배부 전후 총액과 근거를 저장한다.","FGC-FUN-009,FGC-FUN-013,FGC-FUN-030,FGC-FUN-065",계산명세서/단위테스트,"SRC-001,SRC-002,SRC-014,SRC-025,SRC-029,REG-06A~06C,REG-09~11,REG-20~22","동일 설계사의 여러 계약이 섞이지 않고 계약별 산입 합계가 계산된다. 정착지원금의 모집월 귀속·무실적 이월 규칙이 재현되고, 지급을 13차월 이후로 이연한 지급 건도 모집월 기준으로 귀속되어 초년도 게이지에 산입되며, 일반 공통비는 배부정책 버전과 배부 전후 총액이 없으면 REVIEW_REQUIRED로 처리된다.","지급 건 등록·수정·확정 시(실시간) + 월 1,200% 검증 실행 시 전체 재합산(일괄처리).","contract_id+agent_id+first_year_window+payment_stage로 합산한다. allocation_id, allocation_policy_version, attribution_month, allocated_amount, evidence_ref를 저장한다.",v2.2.1: REG-20 정착지원금 귀속·REG-06C 공통비 배부 반영 / 2026-08-12: REG-20 귀속 기준월을 지급월→모집월로 교정 (SRC-025 Q7-1 원문 대조)
FGC-FUN-032,계약별 한도 사용량 조회,"계약별 한도, 산입 사용액, 잔여액, 사용률과 항목별 근거를 조회해야 한다.",1차,M,중,"90% 이상은 주의, 100% 초과는 위반으로 표시한다. 설계사·조직별 화면은 계약별 결과를 묶어 보여주는 모니터링 화면이다.","FGC-FUN-030,FGC-FUN-031",화면정의서/API명세서,"SRC-004,SRC-005","계약 상세의 사용액이 항목별 산입 합계와 일치하고, 설계사 집계에서 계약별 초과 건이 숨겨지지 않는다.",상시 조회(대시보드·상세 화면).,조회 쿼리 + 게이지 바(진행률 막대). 상세 화면에 항목별 내역 표.,v2.1: 계약별 규제판정 기준 명확화
FGC-FUN-033,지급 전 한도 사전검증,"지급 건을 확정하기 전에, 이 돈을 주면 한도를 넘는지 미리 검사하고 넘으면 막아야 한다.",1차,M,상,"지급 건 확정 또는 스케줄 확정 전에 계약차월 1~12의 산입합계를 검사한다. 초과 시 확정 상태 전환을 차단하고 예외 건(FUN-034)을 만든다. 관리자가 단순 승인으로 규제 위반을 강제 통과시킬 수 없다. 2027·2029 룰셋에서도 4년·7년 전체 스케줄과 별도로 첫 1년 1,200% 게이트를 반드시 통과해야 한다.","FGC-FUN-030,FGC-FUN-031,FGC-FUN-036~038,FGC-FUN-065",업무규칙서/API명세서/테스트결과서,"SRC-002,SRC-003,REG-08",2026 현행 스케줄과 2027·2029 분급 스케줄 모두 초년도 한도 초과 건은 DRAFT/REJECTED로 보존되지만 CONFIRMED로 전환되지 않는다. 관리자도 근거 없는 강제확정을 할 수 없다.,"① 지급 건 확정 버튼 클릭 시(실시간) ② 월 1,200% 검증 실행에서 일괄 재검증.",저장과 확정을 분리한다. 초안 저장은 허용하고 confirm() 트랜잭션에서 검증 후 상태전환을 막는다. 예외는 같은 트랜잭션에서 생성한다.,"v2.2: 모든 룰셋의 첫 1년에 1,200% 사전게이트 적용"
FGC-FUN-034,한도 위반 예외 건 생성,한도를 넘었거나(위반) 90%에 가까워진(주의) 건을 예외 목록에 자동으로 올려야 한다.,1차,M,중,"예외 종류, 초과 금액, 관련 계약·설계사·룰셋 버전, 계산 근거, 해결조치(정정·감액·취소·이연)를 저장한다. '승인하여 초과지급' 상태는 제공하지 않는다.","FGC-FUN-032,FGC-FUN-033",예외처리설계서/화면정의서,SRC-005,"초과 시도 1건당 중복 없는 예외가 생성되고, 해결 완료 전 지급확정이 불가능하다.",FUN-033 검증이 실패·경고를 낼 때 자동(실시간·배치 공통).,예외 자연키는 지급건ID+검증유형+룰셋버전. 처리상태는 OPEN/RESOLVED만 두고 해결조치 코드를 필수화한다.,v2.1: 초과 승인 경로 제거
FGC-FUN-035,한도 계산 근거 설명,한도 결과를 입력값 → 계산식 → 항목별 금액 → 최종 합계까지 풀어서 보여줘야 한다.,1차,S,중,"한도 결과를 입력값 → 적용 룰셋 → 계산식 → 항목별 귀속금액 → 최종 합계까지 풀어서 보여준다. 1차는 룰셋의 근거ID 문자열을 표시하고, 전용 근거자료 연결 화면은 2차에서 구현한다.","FGC-FUN-012,FGC-FUN-013,FGC-FUN-030,FGC-FUN-031",화면정의서/계산명세서,"SRC-004,SRC-005",사용자가 계약 한 건의 한도 결과를 입력값부터 최종금액까지 재계산할 수 있는 수준으로 확인한다.,상시 조회(계약 상세의 계산 근거 영역).,"검증 시점의 입력·중간값을 JSON(구조를 가진 텍스트)으로 저장해 두고, 화면에서 표로 풀어서 표시.",
FGC-FUN-036,현행 예상 수입·지급 스케줄 생성,2026년 현재 회사별 지급방식에 따라 계약 1건의 회차별 예상 스케줄을 생성해야 한다. 이는 2027년부터 시행되는 법정 4년·7년 분급과 구분되는 기존 회사별 분할지급 계획이다.,1차,M,상,"① 원수사→GA 예상 수입 스케줄과 ② GA→설계사 예상 지급 스케줄을 별도 방향으로 생성한다. 각 행은 지급예정일, 회차, 수수료 항목(기본수수료·시책·지원금 등), 기준금액, 요율/정액, 예상금액, 지급조건, 정책버전, 방향을 가진다. 원수사 자료와 GA 내부 규정은 정규화되어 DB에 이미 적재된 것으로 전제한다. 실제 송금은 수행하지 않는다.","FGC-FUN-011,FGC-FUN-018,FGC-FUN-065",현행스케줄설계서/ERD/API명세서/단위테스트,"SRC-003,SRC-004,SRC-008,SRC-010,특허 KR20110049433A·KR20120105601A","샘플 계약에서 원수사→GA와 GA→설계사 스케줄이 서로 구분되어 생성되고, 각 회차 금액·총액이 시드 정책의 기대값과 일치한다. 적용 정책이 없거나 복수이면 생성하지 않고 REVIEW_REQUIRED로 표시한다.",계약 확정 시 또는 사용자가 재계산 버튼을 누를 때(실시간). 월 검증 실행 전에 일괄 재생성할 수 있다.,Spring MVC/MyBatis 기반 ScheduleGenerator 도메인 서비스. 정책을 입력으로 받아 결정론적으로 같은 결과를 만들고 BigDecimal을 사용한다. 생성결과에는 schedule_version과 policy_version을 저장한다.,v2.2: 예전부터 존재한 회사별 회차 지급스케줄을 1차 핵심기능으로 복원
FGC-FUN-037,4년 법정 분급 스케줄 생성,2027~2028년 적용 룰셋에서는 동일한 스케줄 엔진으로 최대 4년의 법정 분급 스케줄을 생성해야 한다.,2차,M,상,"REG-19 적용례를 충족하는 상품에 대해 계약체결비용과 유지관리수수료 정책, 회차 수, 월 한도율, 매월 동일 금액 조건과 지급조건을 데이터로 적용해 최대 48개월 스케줄을 생성한다. 상품 판매개시일·기초서류 버전·채널·적용 수수료체계를 기준으로 4년 룰셋을 선택하며, 1차의 방향·버전·원장·대사 구조와 초년도 1,200% 엔진을 재사용한다.","FGC-FUN-014,FGC-FUN-030,FGC-FUN-033,FGC-FUN-036,FGC-FUN-062,FGC-FUN-064",4년분급설계서/ERD/배치설계서/Golden Test,"SRC-001,SRC-003,SRC-014,REG-03,REG-04,REG-19",4년 적용 상품 샘플에서 최대 48개월의 동일 월금액 스케줄과 총액이 정책값과 일치한다. 단순 계약연도만 같고 상품버전·채널이 다른 경계샘플은 잘못된 4년 룰셋으로 자동 확정되지 않는다.,"계약 확정·정책 적용 시 실시간 생성하고, 계약상태·정책 변경 또는 월 배치에서 재평가한다.",2차 JPA/QueryDSL로 스케줄 집합을 저장하고 Spring Batch로 일괄 생성·재평가한다. 1차 ScheduleGenerator 인터페이스를 유지하고 룰셋 전략만 추가한다.,v2.2.1: REG-19 적용례·매월 동일 금액 검증 추가
FGC-FUN-038,7년 법정 분급·장기유지 스케줄 생성,2029년 이후 적용 룰셋에서는 동일한 스케줄 엔진으로 최대 7년의 분급과 5~7년차 장기유지관리수수료 스케줄을 생성해야 한다.,2차,M,상,"REG-19 적용례를 충족하는 상품에 대해 최대 84개월의 동일 월금액 유지관리수수료와 5~7년차 장기유지관리수수료 행을 정책 데이터로 생성한다. 상품 판매개시일·기초서류 버전·채널·적용 수수료체계를 기준으로 7년 룰셋을 선택하고, 1차의 방향·버전·원장·대사 구조와 초년도 1,200% 엔진을 재사용한다. 계약상태와 유지관리 담당자 유효성에 따라 미래 회차를 보류·재개·수령인 변경할 수 있어야 한다.","FGC-FUN-010,FGC-FUN-014,FGC-FUN-025~029,FGC-FUN-030,FGC-FUN-033,FGC-FUN-036,FGC-FUN-062,FGC-FUN-064",7년분급설계서/상태전이도/배치설계서/회귀테스트,"SRC-001,SRC-003,SRC-014,REG-03,REG-05,REG-19","7년 적용 상품 샘플에서 최대 84개월의 동일 월금액 스케줄과 장기유지 회차가 정책값대로 생성된다. 상품버전·채널 경계사례는 REVIEW_REQUIRED로 구분되고 초년도 1,200% 및 유지조건을 통과한 회차만 확정된다.",계약 확정·월 배치·계약상태 또는 담당설계사 변경 시 재평가한다.,4년과 같은 ScheduleGenerator 인터페이스에 7년 룰셋 전략을 추가한다. 기간·요율·조건을 코드 상수가 아니라 정책 데이터로 전달한다.,v2.2.1: REG-19 적용례·7년 동일 월금액 조건 반영
FGC-FUN-039,스케줄 상태·조정·버전 관리,"예상 스케줄의 상태와 변경버전을 관리하고, 이미 확정된 회차를 덮어쓰지 않은 채 미래 회차만 조정해야 한다.",1차,M,상,1차는 PLANNED(예정)·CONFIRMED(확정)·MATCHED(대사일치)·ADJUSTED(조정) 상태와 재계산 버전을 관리한다. 정책·계약 변경 시 기존 스케줄을 삭제하지 않고 새 버전을 만든다. 2차는 계약상태에 따라 HOLD(보류)·CANCELLED(취소)·RESTARTED(재개) 상태를 추가한다.,"FGC-FUN-012,FGC-FUN-036~038",상태전이도/스케줄조정설계서/ERD/테스트케이스,"SRC-004,SRC-005",재계산 전·후 스케줄 버전이 모두 조회되고 확정된 과거 회차는 자동 덮어쓰기 되지 않는다. 2차에서는 실효·해지·부활 이벤트가 미래 회차 상태에만 반영된다.,"계약·정책 변경, 명세 대사, 계약상태 이벤트 발생 시.",schedule_header에 버전과 상태를 두고 schedule_line은 불변에 가깝게 관리한다. 변경은 새 버전·조정행 생성으로 처리한다.,"v2.2: 1차 현행 스케줄부터 버전·상태 관리, 2차 상태이벤트 확장"
FGC-FUN-040,스케줄 생성 멱등성,같은 계약·정책으로 스케줄 생성을 두 번 돌려도 중복이 생기면 안 된다(멱등성: 재실행해도 결과가 같음).,1차,M,상,"계약ID+스케줄방향+정책버전+수수료항목+회차+스케줄버전의 업무키를 적용해 같은 입력을 재실행해도 중복 행이 생기지 않게 한다. 이 원칙은 현행, 4년, 7년 스케줄 모두에 적용한다.",FGC-FUN-036~039,배치설계서/멱등성테스트결과서,"SRC-004,SRC-005","현행 스케줄 생성 요청을 두 번 실행해도 두 번째 신규 생성건수는 0건이고, 2차 4년·7년 룰셋에서도 같은 테스트가 통과한다.",모든 스케줄 생성·재생성 실행 시.,"1차 PostgreSQL UNIQUE 제약과 서비스 멱등키를 적용하고, 2차 JPA/Spring Batch에서도 같은 업무키를 유지한다.",v2.2: 현행 예상 스케줄이 1차에 포함되므로 멱등성도 1차로 이동
FGC-FUN-041,월 규제·정산 검증 실행 생성,"대상월의 계약·예상 스케줄·지급 건·실제 명세·보험료·해약환급금 스냅샷을 하나의 실행 단위로 묶어 1,200%룰, 원장대사, 차익거래를 검증해야 한다.",1차,M,상,"1차는 사용자가 월을 선택해 수동 실행한다. 실행은 CREATED→RUNNING→COMPLETED/FAILED→CONFIRMED 상태를 가지며 실제 수수료 송금이나 공식 회계마감은 하지 않는다. 실행 스냅샷에는 지급단계별 1,200% 룰셋, 상품 적용 수수료체계, 예상 해약환급률표 버전과 80% 공제 플래그를 저장한다. 2차는 같은 실행구조를 Spring Batch와 4년·7년 룰셋으로 확장한다.","FGC-FUN-030~033,FGC-FUN-036,FGC-FUN-048,FGC-FUN-063,FGC-FUN-065",배치설계서/화면정의서/API명세서,"SRC-004,SRC-005,SRC-014,REG-23","동일 대상월의 활성 실행 중복이 차단되고 실행상세에 1,200%·대사·차익거래 결과와 함께 사용한 룰셋·예상 해약환급률표 버전이 표시된다.",월말·원수사 실제 명세 적재 후 또는 발표 데모에서 사용자가 버튼을 누를 때.,1차는 서비스 오케스트레이터가 단계별 검증기를 호출하고 실행ID로 결과를 묶는다. 2차는 Spring Batch Job/Step으로 마이그레이션한다.,v2.2.1: REG-23 원천표 버전 스냅샷 추가
FGC-FUN-042,검증 대상 계약·스케줄·명세 선별,"월 검증 실행에서 처리할 계약, 예상 스케줄, 지급 건, 실제 명세, 보험료·해약환급금 스냅샷을 기준일과 상태에 맞게 선별해야 한다.",1차,M,상,중복·취소·검증대상 아님을 구분하고 동일 원천행이 한 실행에 두 번 포함되지 않게 한다. 상품코드·납입기간·판매채널·기준일에 맞는 예상 해약환급률표 버전을 선택하며 상품코드 불일치·표 누락·중복은 REVIEW_REQUIRED 예외로 분리한다. 1차는 정규화 시드 데이터를 사용하고 2차는 계약상태와 4년·7년 스케줄 상태를 추가 반영한다.,"FGC-FUN-012,FGC-FUN-036,FGC-FUN-041,FGC-FUN-048,FGC-FUN-063,FGC-FUN-065",업무규칙서/배치설계서,"SRC-005,SRC-014,REG-23","합성 데이터의 대상·제외·중복 건수가 기대값과 일치하고, 올바른 환급률표 버전이 연결된다. 상품코드 불일치·표 누락·중복 샘플은 계산에서 제외되고 예외로 생성된다.",월 검증 실행 시작 시 자동.,검증 실행ID와 원천 업무키에 UNIQUE 제약을 두고 선별 쿼리를 검증기별로 분리한다.,v2.2.1: 예상 해약환급률표 선별·코드 정합성 추가
FGC-FUN-043,규제·대사 결과 집계,"실행별로 1,200% 판정, 스케줄 생성상태, 원장 균형, 대사결과, 차익거래 후보를 집계하고 계약별 상세와 합계가 일치해야 한다.",1차,M,상,"집계는 규제판정과 업무지표를 섞지 않는다. 1,200%는 계약별 NORMAL/WARNING/VIOLATION/REVIEW_REQUIRED, 대사는 MATCHED/MISMATCHED/UNMATCHED, 차익거래는 CLEAR/CANDIDATE/REVIEW_REQUIRED로 구분한다.","FGC-FUN-030~033,FGC-FUN-036,FGC-FUN-042,FGC-FUN-046~052,FGC-FUN-063",계산명세서/공통개발표준/단위테스트,"SRC-004,SRC-005",상세 건수·금액 합계가 실행 요약과 정확히 일치하고 설계사·조직 합계가 계약별 규제판정을 덮어쓰지 않는다.,각 검증 단계 완료 후 자동.,검증별 결과테이블을 분리하고 실행 요약은 SQL 집계로 계산한다. 화면에 쓰기 위해 결과를 임의로 복제하지 않는다.,v2.2: 결과집계 범위를 스케줄·원장대사·차익거래까지 확대
FGC-FUN-044,검증 결과 확정·잠금,담당자가 월 검증 결과를 검토한 뒤 확정하여 당시 룰셋과 계산근거를 잠가야 한다.,1차,M,중,"검증 완료 실행을 확정하면 대상·정책버전·스케줄버전·1,200% 결과·대사결과·차익거래 결과를 잠근다. 원천 오류를 고칠 때는 확정 실행을 직접 수정하지 않고 새 실행을 생성한다. 이는 검증결과 잠금이며 실제 송금·법정 회계마감이 아니다.","FGC-FUN-041~043,FGC-FUN-046~052,FGC-FUN-063",화면정의서/업무흐름도,SRC-006,확정 실행의 결과행은 수정·삭제되지 않고 동일 월 재검증은 새 실행번호로 생성되어 이전 결과와 비교할 수 있다.,검증 계산이 끝난 뒤 담당자가 화면에서 결과를 검토하고 확정한다(수동).,run 상태 FINALIZED + 결과행 불변 처리. 지급 건 자체를 CONFIRMED로 일괄 변경하지 않는다.,v2.2: 통합 규제·대사 결과의 재현 가능한 잠금으로 확대
FGC-FUN-045,배치 실패 후 재시작,"정산 배치가 중간에 죽어도, 이미 처리한 건은 건너뛰고 실패 지점부터 다시 돌릴 수 있어야 한다.",2차,M,상,예: 30건 중 25번째 실패 → 재시작 → 최종 30건이 각 1회씩만 처리(중복 0건).,"FGC-FUN-041,FGC-FUN-042,FGC-FUN-040",배치설계서/재시작테스트결과서,"SRC-004,SRC-005",30건 중 25번째 실패 시 재시작 후 최종 30건이 1회씩만 처리되고 중복 0건이다.,배치 실패 발생 시(운영 이벤트).,1차 Spring Batch는 멱등키·UNIQUE 제약으로 전체 재실행 시 중복을 방지한다. 2차에는 Spring Batch 메타데이터와 청크 체크포인트를 활용해 실패 지점 재시작을 구현한다.,v2.2.2: Spring Batch 도입 시점은 1차로 정정. 실패 지점 재시작은 2차 유지
FGC-FUN-046,복식부기 검증원장 기록,예상 스케줄과 실제 명세·확정 지급 건을 차변과 대변 합계가 항상 같은 복식부기 방식의 FGC 내부 검증용 보조원장에 기록해야 한다.,1차,M,상,"이 원장은 GA의 법정 회계장부나 실제 은행송금 장부가 아니라 정산검증을 위한 보조원장이다. 분개헤더와 분개상세를 분리하고 원천유형(EXPECTED_INSURER_INCOME, ACTUAL_INSURER_STATEMENT, EXPECTED_FC_PAYOUT, CONFIRMED_FC_PAYOUT, ADJUSTMENT, CLAWBACK), 계약, 스케줄, 명세, 정책버전을 연결한다. 기존 분개는 삭제·직접수정하지 않는다.","FGC-FUN-036,FGC-FUN-039,FGC-FUN-043,FGC-FUN-044,FGC-FUN-065",복식부기원장설계서/계정과목정의서/ERD/API명세서/테스트결과서,"SRC-004,SRC-005,팀 내부통제 설계",각 분개번호의 차변합계와 대변합계가 일치하지 않으면 저장·확정이 거절된다. 예상·실제 원천에서 분개까지 추적할 수 있고 기존 분개행의 물리 삭제가 차단된다.,"예상 스케줄 생성, 실제 명세 적재 확인, 지급 건 확정, 정정·환수 처리 시 자동.",journal_header/journal_line 구조와 계정과목 시드를 사용한다. 서비스 트랜잭션에서 균형을 검사하고 PostgreSQL 제약·권한으로 직접 UPDATE/DELETE를 제한한다. 금액은 BigDecimal/DECIMAL.,"v2.2: 1차 핵심으로 이동, 단순 원장에서 복식부기 검증용 보조원장으로 구체화"
FGC-FUN-047,원장 정정·역분개 처리,확정된 원장의 오류는 원거래를 직접 수정하지 않고 반대 분개(역분개)와 올바른 신규 분개를 추가해 바로잡아야 한다.,1차,M,상,"원거래ID, 정정사유, 처리자, 정정 전후 금액을 연결한다. LEDG-W01의 정정 요청은 원분개를 참조하는 JOURNAL_CORRECTION_REQUIRED 예외를 생성하거나 기존 미종결 예외를 재사용한 뒤 EXCP-W01로 이동한다. 1차는 기본 역분개와 재기표를 구현하고, 2차는 승인자 분리·마감재개·환수 상계 흐름으로 확장한다.","FGC-FUN-046,FGC-FUN-052,FGC-FUN-053",원장정정설계서/업무규칙서/테스트결과서,팀 내부통제 설계,"역분개와 재기표 후 순액이 기대값과 일치하고 원거래·역분개·신규분개가 하나의 정정그룹으로 조회된다. 원장 정정 예외는 실제 reverseAndRepost 성공과 같은 트랜잭션에서만 RESOLVED가 되며 처리이력만 저장해서 종결할 수 없다. 원거래 직접 수정은 차단된다.",명세 오류·정책 오류·지급 건 정정 발견 시 수동 요청 후 처리.,원분개를 참조하는 반대 방향 분개와 신규 분개를 하나의 트랜잭션으로 INSERT한다. 수정 API 대신 예외 연계 reverseAndRepost 명령을 제공하고 기존 journal_correction_group과 exception_case를 재사용한다.,v2.2: 복식부기 원장 정합성을 위해 기본 역분개를 1차에 포함 · 2026-08-20: LEDG-W01→EXCP-W01 정정 예외 연계와 성공 시 종결 원칙 명시
FGC-FUN-048,예상 스케줄·실제 명세 원장 대사,예상 스케줄과 실제로 적재된 명세·확정 지급 건을 계약·설계사·항목·회차·방향 기준으로 맞춰 보고 원장 금액과 일치하는지 검증해야 한다.,1차,M,상,① 원수사→GA 예상 수입 스케줄과 원수사 실제 지급명세를 대사하고 ② GA→설계사 예상 지급 스케줄과 FGC에 등록·확정된 지급 건을 대사한다. 정확일치·금액차이·누락·중복·상대방/회차 불일치·미매칭으로 구분한다. 입력은 정규화되어 DB에 적재된 데이터를 사용하며 파일 업로드는 하지 않는다.,"FGC-FUN-036,FGC-FUN-039,FGC-FUN-046,FGC-FUN-065",대사설계서/매칭키정의서/ERD/API명세서/테스트결과서,"SRC-004,SRC-005,SRC-010","합성 데이터에서 정상·누락·중복·금액차이·설계사/회차 불일치 건수가 기대값과 일치하고, 대사결과 금액이 해당 예상·실제 분개와 추적 연결된다.",원수사 실제 명세가 DB에 적재된 뒤 또는 월 검증 실행 시. 필요하면 계약 단위 수동 재실행.,1차는 MyBatis SQL 조인과 서비스 배치로 구현하고 매칭키는 계약번호+방향+설계사/조직+항목+회차를 기본으로 한다. 2차에는 Spring Batch로 마이그레이션한다.,v2.2: 현행 예상 스케줄 검증에 필수이므로 1차로 이동
FGC-FUN-049,대사 불일치 유형 분류,"대사 결과의 불일치를 원인별(누락, 중복, 금액 차이, 설계사 불일치, 해지계약 지급, 정책버전 오류)로 자동 분류해야 한다.",1차,M,상,"불일치를 누락, 중복, 금액차이, 설계사/조직 불일치, 회차 불일치, 해지·비유효 계약 지급, 정책버전 오류, 원장 불균형으로 분류한다. 한 건에 원인이 여러 개면 주원인과 보조원인을 나눠 기록한다.","FGC-FUN-046,FGC-FUN-048",대사규칙서/예외분류체계,"SRC-004,SRC-005",합성 오류 데이터가 정의된 유형으로 자동 분류되고 미분류 건은 UNKNOWN/REVIEW_REQUIRED로 남아 사람이 확인할 수 있다.,대사 실행 내부 단계.,유형판정 규칙을 순서 있는 정책 객체로 분리하고 유형별 Golden Test를 만든다.,"v2.2: 대사 핵심기능으로 1차 이동, 원장 불균형 유형 추가"
FGC-FUN-050,대사 허용오차 관리,금액·날짜·회차를 비교할 때 어느 정도 차이까지 봐줄지(허용오차)를 보험회사·항목별로 설정해야 한다.,1차,S,중,1차 기본값은 0원 정확일치로 고정하고 날짜·회차도 정확히 비교한다. 데모 데이터에서 불가피한 반올림 차이는 별도 근거가 있는 항목만 시드 정책으로 허용한다. 2차에는 보험회사·항목·적용기간별 절대금액 또는 비율 허용오차를 관리한다.,"FGC-FUN-012,FGC-FUN-048",대사규칙서/화면정의서,SRC-005,"1차에서 1원 차이도 금액차이로 분류되며, 2차 정책 허용오차가 활성화되면 범위 이내는 경고 또는 일치로 판정된다.",1차는 대사 실행 때 고정정책 적용. 2차는 정책 설정 후 대사 배치에서 적용.,판정 인터페이스는 처음부터 TolerancePolicy를 받도록 만들되 1차 구현체는 ZeroTolerancePolicy로 한다.,"v2.2: 1차 0원 정확일치로 포함, 2차 정책화"
FGC-FUN-051,대사 실행 이력 조회,"대사 실행별 대상 기간, 처리 건수, 일치율, 불일치 금액과 상태를 조회해야 한다.",1차,S,중,"실행별 대상기간, 방향, 처리건수, 일치율, 불일치 금액, 오류상태, 재실행 이력을 조회한다. 관련 월 검증 실행·예외·원장 분개로 이동할 수 있어야 한다.","FGC-FUN-041,FGC-FUN-046,FGC-FUN-048",화면정의서/API명세서,SRC-006,대사 실행 목록과 상세의 건수·금액이 일치하고 계약·예외·분개 상세로 추적할 수 있다.,상시 조회.,"1차 Thymeleaf 목록·상세와 조회 API, 2차 React 화면과 Spring Batch 메타데이터로 확장.",v2.2: 대사 실행 추적을 1차로 이동
FGC-FUN-052,불일치 예외 자동 생성,대사 불일치와 규정 위반 후보를 중복 없이 예외 건으로 만들어야 한다.,1차,M,상,"1,200% 위반, 대사 불일치, 원장 불균형, 차익거래 후보를 원천 실행·계약·스케줄·명세행·분개·정책버전과 연결된 예외 건으로 만든다. 원장 화면에서 정정을 요청하면 source_entity_type=JOURNAL_HEADER와 source_entity_id=원분개ID인 JOURNAL_CORRECTION_REQUIRED 예외를 생성하거나 기존 미종결 건을 재사용한다. 동일 원천·유형의 예외는 재실행하거나 버튼을 다시 눌러도 중복 생성하지 않는다.","FGC-FUN-034,FGC-FUN-046,FGC-FUN-047,FGC-FUN-049,FGC-FUN-063",예외처리설계서/ERD,SRC-005,"동일 검증결과를 다시 실행하거나 같은 원분개의 정정 요청을 반복해도 예외가 중복 생성되지 않고 기존 미종결 예외가 반환된다.",각 검증 단계가 위반·불일치·후보를 확정할 때 자동. 원장 정정 요청은 LEDG-W01에서 수동.,예외 업무키(원천유형+원천ID+예외유형+규칙버전) UNIQUE 제약과 upsert/조회 연결을 사용한다.,v2.2: 1200%·대사·원장·차익거래 공통 예외로 1차 확대 · 2026-08-20: 원장 정정 요청의 멱등 예외 생성 명시
FGC-FUN-053,예외 처리 워크플로,"1,200% 위반, 대사 불일치, 원장 오류, 차익거래 후보를 담당자가 검토하고 근거와 조치결과를 남기는 예외 처리 흐름을 제공해야 한다.",1차,M,상,"기본 상태 NEW(신규)→IN_REVIEW(검토중)→RESOLVED(해결)/REJECTED(오탐·반려)를 사용하고 담당자, 처리사유, 근거링크, 조치유형을 필수 기록한다. JOURNAL_CORRECTION_REQUIRED의 CORRECT 조치는 원분개 역분개와 재기표를 실제 수행하며 성공 결과 ID를 처리이력에 연결한다. 1차는 간단한 담당·상태·사유 처리, 2차는 SLA(처리기한), 알림, 승인단계를 추가한다.","FGC-FUN-034,FGC-FUN-047,FGC-FUN-052,FGC-FUN-061",업무흐름도/화면정의서/권한매트릭스,"SRC-005,SRC-006","예외 상태를 바꿀 때 처리사유가 없으면 저장되지 않는다. 원장 정정 예외는 역분개와 재기표가 모두 성공한 경우에만 같은 트랜잭션에서 RESOLVED가 되며 원분개·역분개·재기표·정정그룹을 추적할 수 있다. 정정 실패 시 예외 상태와 처리이력도 함께 롤백된다.",예외가 생성된 뒤 담당자가 상시 처리.,1차 MyBatis 상태전이 검증과 Thymeleaf 목록·상세. 상태변경은 허용 전이표를 서버에서 검사하고 감사로그를 남긴다. 원장 정정 CORRECT는 JournalCorrectionService.reverseAndRepost를 호출한 뒤 성공 결과와 함께 상태를 전이한다.,v2.2: 1차의 1200%·대사·차익거래 예외 처리를 위해 1차로 이동 · 2026-08-20: 원장 정정 CORRECT의 실제 도메인 명령 및 원자성 명시
FGC-FUN-054,환수 검토 대상 생성,계약 해지·실효·청약철회나 차익거래 검증(FUN-063)에 걸리면 환수(이미 준 돈 되돌려 받기) 검토 대상을 만들어야 한다.,2차,S,상,후보와 근거(기지급액·미지급액)를 생성한다. 실제 환수 공식은 회사별 정책 파라미터임을 표시한다(REG-14 ? 규정이 아니라 위촉계약 영역).,"FGC-FUN-028,FGC-FUN-046",환수업무규칙서/화면정의서,"SRC-001,SRC-004,SRC-005,REG-13",해지 이벤트 발생 시 관련 기지급액과 미지급액을 근거로 환수검토 건이 생성된다.,해지 등 이벤트 발생 시 자동(실시간) 또는 일 배치.,"2차. 이벤트 → 환수검토 테이블 INSERT. 환수율 표는 GA별 설정 데이터로(KIRI·실물 표 시드, SRC-017·020·021).",1차→2차 이동 ? 1차는 지급 건 보류(FUN-028)까지만
FGC-FUN-055,정책별 환수액 계산,보험회사·상품·경과 회차별 환수 규칙을 적용해 환수액을 계산해야 한다.,2차,S,상,고정 공식이 아니라 정책버전·경과회차·기지급액을 입력으로 계산한다.,"FGC-FUN-012,FGC-FUN-054",환수계산명세서/단위테스트/Golden Test,"SRC-004,SRC-005,REG-14",합의된 환수 예시의 기대금액과 시스템 결과가 일치하고 적용 정책버전이 표시된다.,환수 검토 건 확정 시(실시간) 또는 배치.,2차. 환수율 테이블(경과월 구간별 %) 조회 × 기지급액. 합의된 예시 케이스로 골든 테스트.,
FGC-FUN-056,환수 통지·이의·확정·상계 관리,환수 건의 진행 상태(통지→이의→확정)와 상계(다음에 줄 돈에서 빼기) 내역을 관리해야 한다.,2차,C,상,"통지일, 이의제기, 확정액, 상계 회차, 잔액과 증빙을 기록한다.","FGC-FUN-053,FGC-FUN-055",업무흐름도/화면정의서/원장설계서,"SRC-004,SRC-005",확정된 환수액이 향후 지급액에서 정책에 따라 상계되고 잔액이 추적된다.,담당자 조작 + 정산 시 상계 자동 반영.,2차. 상태 관리 + 정산 집계에서 환수 잔액 차감 로직.,
FGC-FUN-057,업무 대시보드,담당자가 첫 화면에서 핵심 현황을 한눈에 봐야 한다.,1차,S,중,"1차 선택 화면으로 당월 계약별 1,200% 사용량, 스케줄 생성실패, 대사 불일치, 차익거래 후보, 미처리 예외를 요약한다. 규제판정의 원본은 각 상세화면이며 대시보드 수치는 집계 조회만 한다.","FGC-FUN-032,FGC-FUN-036,FGC-FUN-044,FGC-FUN-048,FGC-FUN-052,FGC-FUN-063",화면정의서/API명세서,"SRC-004,SRC-005",대시보드의 건수·금액이 검증 실행·대사·예외 상세 합계와 일치하고 항목 클릭 시 해당 목록으로 이동한다.,상시 조회(로그인 직후 첫 화면).,집계 쿼리 4~5개 + 카드형 화면. KPI 숫자 클릭 시 해당 목록으로 이동(필터 전달).,v2.2: 1차 스케줄·대사·차익거래 요약 반영
FGC-FUN-058,통합 검색 및 상세 조회,계약·설계사·정산·예외 정보를 조건으로 검색할 수 있어야 한다.,2차,S,중,"기간, 보험회사, 상품, 조직, 설계사, 상태, 금액범위 필터와 페이징(쪽 나눔)을 제공한다. (대사·환수 검색은 2차)","FGC-FUN-018,FGC-FUN-041,FGC-FUN-034",화면정의서/API명세서,SRC-006,2차 통합검색에서 계약·설계사·검증실행·예외를 교차 조회한다. 1차는 각 목록 화면의 기본 필터만 제공한다.,상시 조회.,검색 폼 + MyBatis 동적 SQL(if 태그로 조건 조립) + 페이징 쿼리.,v2.1: 전용 통합검색 2차 이관
FGC-FUN-059,정산·대사 보고서 출력,정산·대사 결과를 Excel 또는 PDF 보고서로 내려받을 수 있어야 한다.,2차,S,중,"검색조건, 생성일, 생성자, 합계, 상세, 정책 기준을 포함한다. 계약자 개인정보는 저장하지 않으므로 출력물에 포함되지 않는다(계약번호 식별, SRC-027 D-05).","FGC-FUN-044,FGC-FUN-051",보고서정의서/출력샘플,"SRC-005,SRC-006,SRC-027",화면 합계와 출력물 합계가 일치하고 출력물에 계약자 개인정보가 포함되지 않는다.,사용자가 출력 버튼을 누를 때(실시간 생성).,2차. Apache POI(엑셀 생성 라이브러리) 등 활용.,
FGC-FUN-060,설계사 수수료 명세 조회,설계사가 본인 수수료 명세(회차별 지급·보류·조정·환수)와 계산 근거를 직접 볼 수 있어야 한다.,2차,S,상,본인 것만 조회 가능(권한 분리). 관리자는 전체 조회.,"FGC-FUN-036,FGC-FUN-046,FGC-FUN-055",화면정의서/권한매트릭스,"SRC-001,SRC-005,REG-17",설계사 계정은 본인 명세만 조회하고 계약·항목·회차·상태·근거가 표시된다.,상시 조회.,2차 React. 로그인 사용자=설계사 매핑으로 조회 범위 제한.,
FGC-FUN-061,핵심 업무 감사로그,누가 언제 무엇을 바꿨는지(룰셋·계약·지급 건·검증 실행·예외·권한) 기록을 남겨야 한다.,1차,M,상,"누가 언제 무엇을 바꿨는지(룰셋·계약·지급 건·검증 실행·예외·권한)와 함께 정책버전, 지급단계, 포함·제외 판단, 정착지원금 귀속, 공통비 배부정책, 승인근거를 기록한다. 1차 범위 밖인 환수 워크플로는 2차에 추가한다.","FGC-FUN-002,FGC-FUN-012,FGC-FUN-033,FGC-FUN-044,FGC-FUN-065",감사설계서/ERD/테스트결과서,"SRC-005,SRC-006,SRC-014,REG-22",정의된 핵심 변경 시나리오와 지급기준 버전·귀속·배부정책 변경의 감사로그 기록률이 100%이고 일반 사용자가 수정·삭제할 수 없다.,핵심 변경이 일어날 때마다 자동(실시간).,공통 서비스 또는 AOP(공통 기능을 한 곳에 모아 자동으로 끼워 넣는 스프링 기법)로 INSERT 전용 로그 테이블에 기록.,v2.2.1: REG-22 지급기준·귀속 변경 감사대상 추가
FGC-FUN-062,계약체결비용 한도 검증,2027년 이후 적용상품에서는 선지급수수료와 유지관리수수료가 각각 계약체결비용 한도 안에서 설정·집행되는지 검증해야 한다.,2차,M,상,"선지급수수료와 유지관리수수료가 각각 계약체결비용 이내인지 별도로 검증한다. 유지관리수수료에 포함되는 간접지원경비는 별도 항목으로 구분하되 유지관리수수료 총액 한도에 포함한다. 일반 공통비에 계약체결비용의 19%라는 고정 한도를 적용하지 않는다. 제4-32조제7항 제외항목은 요건과 증빙을 갖춘 경우에만 계산에서 제외하고, 적용 상품은 REG-19의 판매개시일·기초서류·채널 기준으로 판정한다.","FGC-FUN-012~014,FGC-FUN-037,FGC-FUN-038,FGC-FUN-052,FGC-FUN-064",계약체결비용검증규칙서/정책데이터사전/계산명세서/Golden Test,"SRC-001,SRC-003,SRC-014,REG-02,REG-06A~06C,REG-11,REG-19",선지급·유지관리 한도 결과가 각각 산출되고 간접지원경비를 포함한 유지관리 총액이 검증된다. 19% 고정값이 적용되지 않으며 적용례 경계·근거부족·한도초과 회차는 확정되지 않는다.,4년·7년 스케줄 생성·재계산 및 월 검증 배치에서 자동.,ContractAcquisitionCostValidator를 별도 도메인 서비스로 구현하고 한도율·기준금액은 룰셋에서 읽는다. 코드 상수로 고정하지 않는다.,v2.2.1: 공통비 19% 제거·한도별 분리·REG-19 적용례 반영
FGC-FUN-063,차익거래 방지 검증,기지급·지급예정 판매수수료와 해약환급금의 합계가 누적 납입보험료를 초과하는 차익거래 후보를 계약 전기간에서 찾아내야 한다.,1차,M,상,"1차는 DB에 적재된 계약별·기준일별 누적보험료, 기지급/지급예정 수수료와 상품·납입기간·채널별 1~36차월 예상/실제 해약환급금 데이터를 사용한다. 표준해약공제액 80% 이상 공제 플래그, 36개월 조건, 상품코드와 원천표 버전을 저장해 월 검증 또는 수동 검증한다. 상품코드 불일치·표 누락은 REVIEW_REQUIRED로 처리한다. 2차는 해지·실효·부활 이벤트 발생 시 자동 재검증한다.","FGC-FUN-036,FGC-FUN-041,FGC-FUN-046,FGC-FUN-052,FGC-FUN-053",검증규칙서/계산명세서/테스트케이스,"SRC-001,SRC-014,SRC-016,REG-12,REG-23",합성 시계열에서 차익 발생 최초 시점이 정확히 탐지되고 미발생 계약은 통과한다. 80% 공제·36개월 대상 샘플은 올바른 예상 해약환급률표 버전으로 계산되며 코드 불일치·표 누락은 확정판정이 아니라 REVIEW_REQUIRED가 된다.,1차는 계약 단위 수동검증과 월 검증 실행. 2차는 해지·상태변경 이벤트와 정기 배치.,기준일별 시계열을 조회해 (수수료누계+해약환급금)-누적보험료를 계산하는 Validator를 구현한다. 후보만 예외로 연결하고 법적 위반 확정이 아니라 '검토대상'으로 표시한다.,v2.2.1: REG-23 36개월 예상 해약환급률표·코드 정합성 반영 · v2.2.2: 마스터·FUN·RTM 반영 확인
FGC-FUN-064,유지관리·장기유지수수료 검증,2027년 이후 유지관리수수료와 2029년 이후 장기유지관리수수료가 계약 유지·담당자·회차·한도 조건을 충족할 때만 지급예정으로 확정되게 검증해야 한다.,2차,M,상,"계약 유효상태, 유지관리 담당설계사, 적용 회차, 매월 동일 금액, 월·총액 한도, 간접지원경비 구분, 정책버전과 REG-19 적용체계를 검사한다. 간접지원경비는 유지관리수수료 총액에 포함하며 19% 고정값을 적용하지 않는다. 실효·해지 시 미래회차는 보류·취소하고 부활 시 정책에 따라 재개한다. 담당설계사 변경 시 효력일 이후 회차의 수령인을 재지정하며 과거 확정 회차는 바꾸지 않는다.","FGC-FUN-010,FGC-FUN-014,FGC-FUN-015,FGC-FUN-025~029,FGC-FUN-037,FGC-FUN-038,FGC-FUN-062",유지관리수수료검증규칙서/상태전이도/계산명세서/Golden Test,"SRC-001,SRC-003,SRC-014,REG-03~07,REG-19",정상유지 계약은 동일 월금액 회차가 확정 가능하고 실효·해지·담당자 없음·한도초과·적용례 불명확 계약은 보류 또는 예외가 된다. 19% 고정값 없이 간접지원경비를 포함한 총액이 검증된다.,"4년·7년 스케줄 생성, 월 배치, 계약상태·담당설계사 변경 시 자동.",MaintenanceCommissionValidator와 상태전이 정책을 분리하고 1차 스케줄·원장·대사 인터페이스를 그대로 사용한다. JPA/QueryDSL과 Spring Batch로 구현한다.,v2.2.1: 적용례·동일 월금액·공통비 19% 정정
FGC-FUN-065,수수료 지급 건 등록·수정,"정산담당자가 수수료·시책·정착지원금 지급 건(누구에게, 어떤 계약으로, 어떤 명목의 돈을, 얼마 주는지 1줄)을 화면에서 등록·수정해야 한다.",1차,M,중,"계약, 설계사, 수수료 항목, 금액, 귀속월, 지급예정일, 지급단계, 상태와 함께 귀속계약·산입판단상태·근거·배부정책 버전·배부기준을 관리한다. 경력설계사 정착지원금은 모집월 신계약에 월 단위로 귀속하며(지급월 아님) 위촉 당월 무실적 선지급분은 최초 신계약 모집월로 이월 귀속한다. 등록은 DRAFT로 저장할 수 있으나 CONFIRMED 전환 시 FUN-033 검증을 통과해야 한다.","FGC-FUN-009,FGC-FUN-018,FGC-FUN-033",화면정의서/API명세서/ERD,"SRC-014,SRC-018,SRC-021,REG-20,REG-22,스키마패치 v1.1(TB_FGC_ACL)","필수값을 갖춘 지급 건은 DRAFT로 보존된다. 정착지원금의 모집월·최초 신계약월 귀속이 재현되고, 배부근거·정책버전 미비 또는 한도초과 건은 CONFIRMED로 전환되지 않고 예외가 생성된다. 자연키 중복은 DB 제약으로 차단된다.",지급 사유가 생길 때 수기 등록(실시간). 대량 샘플은 시드로 적재한다.,"POST는 DRAFT 저장, 별도 confirm API가 FUN-033을 호출한다. attribution_month, allocation_policy_version, allocation_basis, evidence_ref를 저장하고 검증결과와 예외를 같은 트랜잭션으로 커밋한다.",v2.2.1: REG-20 정착지원금 귀속·REG-22 근거버전 반영
